{"cameraMode":{"drawMode":0,"name":"Shaded","section":"Shading Mode"},"sceneLighting":true,"audioPlay":false,"sceneViewState":{"m_AlwaysRefresh":false,"showFog":true,"showSkybox":true,"showFlares":true,"showImageEffects":true,"showParticleSystems":true,"showVisualEffectGraphs":true,"m_FxEnabled":true},"in2DMode":false,"pivot":{"x":-0.36100125312805178,"y":2.1321887969970705,"z":-0.47814875841140749},"rotation":{"x":0.03117566555738449,"y":0.8954489231109619,"z":-0.0635119080543518,"w":0.43953144550323489},"size":5.629678249359131,"orthographic":false}